status	key	command
DirectInput	Ctrl *	IMEOn
DirectInput	Ctrl /	IMEOn
DirectInput	Eisu	InputModeHalfKatakana
DirectInput	Hankaku/Zenkaku	IMEOn
DirectInput	Henkan	Reconvert
DirectInput	Kana	InputModeFullKatakana
DirectInput	Katakana	InputModeFullKatakana
DirectInput	Muhenkan	InputModeHiragana
DirectInput	ON	IMEOn
Precomposition	ASCII	InsertCharacter
Precomposition	Backspace	Revert
Precomposition	Ctrl -	IMEOff
Precomposition	Ctrl Backspace	Undo
Precomposition	Ctrl Shift Space	InsertFullSpace
Precomposition	Eisu	InputModeHalfKatakana
Precomposition	Hankaku/Zenkaku	IMEOff
Precomposition	Henkan	Reconvert
Precomposition	Kana	InputModeFullKatakana
Precomposition	Katakana	InputModeFullKatakana
Precomposition	Muhenkan	InputModeHiragana
Precomposition	OFF	IMEOff
Precomposition	ON	IMEOn
Precomposition	Shift Muhenkan	ToggleAlphanumericMode
Precomposition	Shift Space	InsertAlternateSpace
Precomposition	Space	InsertSpace
Composition	ASCII	InsertCharacter
Composition	Backspace	Backspace
Composition	Ctrl a	MoveCursorToBeginning
Composition	Ctrl Backspace	Backspace
Composition	Ctrl d	MoveCursorRight
Composition	Ctrl Down	MoveCursorToEnd
Composition	Ctrl e	MoveCursorToBeginning
Composition	Ctrl Enter	Commit
Composition	Ctrl f	MoveCursorToEnd
Composition	Ctrl g	Delete
Composition	Ctrl h	Backspace
Composition	Ctrl i	ConvertToFullKatakana
Composition	Ctrl k	MoveCursorLeft
Composition	Ctrl l	MoveCursorRight
Composition	Ctrl Left	MoveCursorToBeginning
Composition	Ctrl m	Commit
Composition	Ctrl n	MoveCursorToEnd
Composition	Ctrl o	ConvertToHalfWidth
Composition	Ctrl p	ConvertToFullAlphanumeric
Composition	Ctrl Right	MoveCursorToEnd
Composition	Ctrl s	MoveCursorLeft
Composition	Ctrl Shift Space	InsertFullSpace
Composition	Ctrl Space	InsertHalfSpace
Composition	Ctrl t	ConvertToHalfAlphanumeric
Composition	Ctrl u	ConvertToHiragana
Composition	Ctrl Up	MoveCursorToBeginning
Composition	Ctrl x	MoveCursorToEnd
Composition	Ctrl z	Cancel
Composition	Delete	Delete
Composition	Down	MoveCursorToEnd
Composition	Eisu	InputModeHalfKatakana
Composition	End	MoveCursorToEnd
Composition	Enter	Commit
Composition	ESC	Cancel
Composition	F10	ConvertToHalfAlphanumeric
Composition	F2	ConvertWithoutHistory
Composition	F6	ConvertToHiragana
Composition	F7	ConvertToFullKatakana
Composition	F8	ConvertToHalfWidth
Composition	F9	ConvertToFullAlphanumeric
Composition	Hankaku/Zenkaku	IMEOff
Composition	Henkan	Convert
Composition	Home	MoveCursorToBeginning
Composition	Kana	InputModeFullKatakana
Composition	Katakana	InputModeFullKatakana
Composition	Left	MoveCursorLeft
Composition	Muhenkan	InputModeHiragana
Composition	OFF	IMEOff
Composition	ON	IMEOn
Composition	Right	MoveCursorRight
Composition	Shift Backspace	Backspace
Composition	Shift ESC	Cancel
Composition	Shift Left	MoveCursorLeft
Composition	Shift Muhenkan	ConvertToFullAlphanumeric
Composition	Shift Right	MoveCursorRight
Composition	Shift Space	Convert
Composition	Space	Convert
Composition	Tab	PredictAndConvert
Composition	VirtualEnter	Commit
Composition	VirtualLeft	MoveCursorLeft
Composition	VirtualRight	MoveCursorRight
Conversion	Backspace	Cancel
Conversion	Ctrl a	SegmentFocusFirst
Conversion	Ctrl Backspace	Cancel
Conversion	Ctrl d	SegmentFocusRight
Conversion	Ctrl Down	CommitOnlyFirstSegment
Conversion	Ctrl e	ConvertPrev
Conversion	Ctrl Enter	Commit
Conversion	Ctrl f	SegmentFocusLast
Conversion	Ctrl g	Cancel
Conversion	Ctrl h	Cancel
Conversion	Ctrl i	ConvertToFullKatakana
Conversion	Ctrl k	SegmentWidthShrink
Conversion	Ctrl l	SegmentWidthExpand
Conversion	Ctrl Left	SegmentFocusFirst
Conversion	Ctrl m	Commit
Conversion	Ctrl n	CommitOnlyFirstSegment
Conversion	Ctrl o	ConvertToHalfWidth
Conversion	Ctrl p	ConvertToFullAlphanumeric
Conversion	Ctrl Right	SegmentFocusLast
Conversion	Ctrl s	SegmentFocusLeft
Conversion	Ctrl Shift Space	InsertFullSpace
Conversion	Ctrl Space	InsertHalfSpace
Conversion	Ctrl t	ConvertToHalfAlphanumeric
Conversion	Ctrl u	ConvertToHiragana
Conversion	Ctrl Up	ConvertPrev
Conversion	Ctrl x	ConvertNext
Conversion	Ctrl z	Cancel
Conversion	Delete	Cancel
Conversion	Down	ConvertNext
Conversion	Eisu	InputModeHalfKatakana
Conversion	End	SegmentFocusLast
Conversion	Enter	Commit
Conversion	ESC	Cancel
Conversion	F10	ConvertToHalfAlphanumeric
Conversion	F6	ConvertToHiragana
Conversion	F7	ConvertToFullKatakana
Conversion	F8	ConvertToHalfWidth
Conversion	F9	ConvertToFullAlphanumeric
Conversion	Hankaku/Zenkaku	IMEOff
Conversion	Henkan	ConvertNext
Conversion	Home	SegmentFocusFirst
Conversion	Kana	InputModeFullKatakana
Conversion	Katakana	InputModeFullKatakana
Conversion	Left	SegmentFocusLeft
Conversion	Muhenkan	InputModeHiragana
Conversion	OFF	IMEOff
Conversion	ON	IMEOn
Conversion	PageDown	ConvertNextPage
Conversion	PageUp	ConvertPrevPage
Conversion	Right	SegmentFocusRight
Conversion	Shift Backspace	Cancel
Conversion	Shift Down	ConvertNextPage
Conversion	Shift ESC	Cancel
Conversion	Shift Henkan	ConvertPrev
Conversion	Shift Left	SegmentWidthShrink
Conversion	Shift Muhenkan	ConvertToFullAlphanumeric
Conversion	Shift Right	SegmentWidthExpand
Conversion	Shift Space	ConvertPrev
Conversion	Shift Tab	ConvertPrev
Conversion	Shift Up	ConvertPrevPage
Conversion	Space	ConvertNext
Conversion	Tab	PredictAndConvert
Conversion	Up	ConvertPrev
Conversion	VirtualEnter	CommitOnlyFirstSegment
Conversion	VirtualLeft	SegmentWidthShrink
Conversion	VirtualRight	SegmentWidthExpand
Suggestion	Down	PredictAndConvert
Suggestion	Shift Enter	CommitFirstSuggestion
Prediction	Ctrl Delete	DeleteSelectedCandidate
